馬名,小系統,国系統,
ゴールドアリュール,Dサンデー系,日本型サンデー系,
ネオユニヴァース,Dサンデー系,日本型サンデー系,
ゴールドドリーム,Dサンデー系,日本型サンデー系,
コパノリッキー,Dサンデー系,日本型サンデー系,
クリソベリル,Dサンデー系,日本型サンデー系,
ゴルトマイスター,Dサンデー系,日本型サンデー系,
エスポワールシチー,Dサンデー系,日本型サンデー系,
ブラックタイド,Lサンデー系,日本型サンデー系,
ウインブライト,Lサンデー系,日本型サンデー系,
ジョーカプチーノ,Lサンデー系,日本型サンデー系,
ディープスカイ,Lサンデー系,日本型サンデー系,
シュウジ,Lサンデー系,日本型サンデー系,
ブルドッグボス,Lサンデー系,日本型サンデー系,
ドリームジャーニー,Lサンデー系,日本型サンデー系,
ダイワメジャー,Pサンデー系,日本型サンデー系,
イスラボニータ,Pサンデー系,日本型サンデー系,
アドマイヤマーズ,Pサンデー系,日本型サンデー系,
ジャスタウェイ,Pサンデー系,日本型サンデー系,
キンシャサノキセキ,Pサンデー系,日本型サンデー系,
カレンブラックヒル,Pサンデー系,日本型サンデー系,
フジキセキ,Pサンデー系,日本型サンデー系,
アグネスタキオン,Pサンデー系,日本型サンデー系,
マツリダゴッホ,Pサンデー系,日本型サンデー系,
インディチャンプ,Pサンデー系,日本型サンデー系,
ゴールドシップ,Tサンデー系,日本型サンデー系,
ハーツクライ,Tサンデー系,日本型サンデー系,
オルフェーヴル,Tサンデー系,日本型サンデー系,
ヴィクトワールピサ,Tサンデー系,日本型サンデー系,
マンハッタンカフェ,Tサンデー系,日本型サンデー系,
ステイゴールド,Tサンデー系,日本型サンデー系,
スペシャルウィーク,Tサンデー系,日本型サンデー系,
ゼンノロブロイ,Tサンデー系,日本型サンデー系,
ダンスインザダーク,Tサンデー系,日本型サンデー系,
シュヴァルグラン,Tサンデー系,日本型サンデー系,
スワーヴリチャード,Tサンデー系,日本型サンデー系,
アドマイヤベガ,Tサンデー系,日本型サンデー系,
キタサンブラック,Tサンデー系,日本型サンデー系,
マインドユアビスケッツ,ヴァイスリージェント系,米国型ノーザンダンサー系,
クロフネ,ヴァイスリージェント系,米国型ノーザンダンサー系,
フレンチデピュティ,ヴァイスリージェント系,米国型ノーザンダンサー系,
Bernardini,エーピーインディ系,米国型ナスルーラ系,
シニスターミニスター,エーピーインディ系,米国型ナスルーラ系,
カリフォルニアクローム,エーピーインディ系,米国型ナスルーラ系,
マジェスティックウォリアー,エーピーインディ系,米国型ナスルーラ系,
パイロ,エーピーインディ系,米国型ナスルーラ系,
Mineshaft,エーピーインディ系,米国型ナスルーラ系,
Tapit,エーピーインディ系,米国型ナスルーラ系,
Wilburn,エーピーインディ系,米国型ナスルーラ系,
Congrats,エーピーインディ系,米国型ナスルーラ系,
ラニ,エーピーインディ系,米国型ナスルーラ系,
インカンテーション,エーピーインディ系,米国型ナスルーラ系,
ホッコータルマエ,キングマンボ系,欧州型ミスプロ系,
ラブリーデイ,キングマンボ系,欧州型ミスプロ系,
キングカメハメハ,キングマンボ系,欧州型ミスプロ系,
エイシンフラッシュ,キングマンボ系,欧州型ミスプロ系,
ヤマカツエース,キングマンボ系,欧州型ミスプロ系,
レイデオロ,キングマンボ系,欧州型ミスプロ系,
ヴァーミリアン,キングマンボ系,欧州型ミスプロ系,
ワークフォース,キングマンボ系,欧州型ミスプロ系,
ロードカナロア,キングマンボ系,欧州型ミスプロ系,
ドゥラメンテ,キングマンボ系,欧州型ミスプロ系,
ルーラーシップ,キングマンボ系,欧州型ミスプロ系,
リオンディーズ,キングマンボ系,欧州型ミスプロ系,
サートゥルナーリア,キングマンボ系,欧州型ミスプロ系,
キセキ,キングマンボ系,欧州型ミスプロ系,
ダノンスマッシュ,キングマンボ系,欧州型ミスプロ系,
リオンリオン,キングマンボ系,欧州型ミスプロ系,
トゥザワールド,キングマンボ系,欧州型ミスプロ系,
レーヴミストラル,キングマンボ系,欧州型ミスプロ系,
Kendargent,グレイソヴリン系,欧州型ナスルーラ系,
ジャングルポケット,グレイソヴリン系,欧州型ナスルーラ系,
チチカステナンゴ,グレイソヴリン系,欧州型ナスルーラ系,
モズアスコット,サドラーズウェルズ系,欧州型ノーザンダンサー系,
High Chaparral,サドラーズウェルズ系,欧州型ノーザンダンサー系,
ロゴタイプ,サドラーズウェルズ系,欧州型ノーザンダンサー系,
Frankel,サドラーズウェルズ系,欧州型ノーザンダンサー系,
Singspiel,サドラーズウェルズ系,欧州型ノーザンダンサー系,
Galileo,サドラーズウェルズ系,欧州型ノーザンダンサー系,
タリスマニック,サドラーズウェルズ系,欧州型ノーザンダンサー系,
Kitten's Joy,サドラーズウェルズ系,米国型ノーザンダンサー系,
Medaglia d'Oro,サドラーズウェルズ系,米国型ノーザンダンサー系,
アスクピーターパン,サドラーズウェルズ系,欧州型ノーザンダンサー系,
ポエティックフレア,サドラーズウェルズ系,欧州型ノーザンダンサー系,
タニノフランケル,サドラーズウェルズ系,欧州型ノーザンダンサー系,
サンデーサイレンス,サンデー系,日本型サンデー系,
Monsun,スターリング系,欧州型（その他）,
ノヴェリスト,スターリング系,欧州型（その他）,
Footstepsinthesand,ストームバード系,欧州型ノーザンダンサー系,
ミスターメロディ,ストームバード系,欧州型ノーザンダンサー系,
Shamardal,ストームバード系,欧州型ノーザンダンサー系,
ドレフォン,ストームバード系,米国型ノーザンダンサー系,
ヘニーヒューズ,ストームバード系,米国型ノーザンダンサー系,
アジアエクスプレス,ストームバード系,米国型ノーザンダンサー系,
Giant's Causeway,ストームバード系,米国型ノーザンダンサー系,
モーニン,ストームバード系,米国型ノーザンダンサー系,
Into Mischief,ストームバード系,米国型ノーザンダンサー系,
Justify,ストームバード系,米国型ノーザンダンサー系,
シャンハイボビー,ストームバード系,米国型ノーザンダンサー系,
Scat Daddy,ストームバード系,米国型ノーザンダンサー系,
スズカコーズウェイ,ストームバード系,米国型ノーザンダンサー系,
ネロ,ストームバード系,米国型ノーザンダンサー系,
Storm Cat,ストームバード系,米国型ノーザンダンサー系,
ヨハネスブルグ,ストームバード系,米国型ノーザンダンサー系,
ディスクリートキャット,ストームバード系,米国型ノーザンダンサー系,
ブリックスアンドモルタル,ストームバード系,米国型ノーザンダンサー系,
ミスチヴィアスアレックス,ストームバード系,米国型ノーザンダンサー系,
ミラアイトーン,ターントゥ系,欧州型（その他）,
デクラレーションオブウォー,ダンチヒ系,欧州型ノーザンダンサー系,
ハービンジャー,ダンチヒ系,欧州型ノーザンダンサー系,
Cape Cross,ダンチヒ系,欧州型ノーザンダンサー系,
Danehill Dancer,ダンチヒ系,欧州型ノーザンダンサー系,
サンダースノー,ダンチヒ系,欧州型ノーザンダンサー系,
ベーカバド,ダンチヒ系,欧州型ノーザンダンサー系,
Kingman,ダンチヒ系,欧州型ノーザンダンサー系,
Hard Spun,ダンチヒ系,米国型ノーザンダンサー系,
War Front,ダンチヒ系,米国型ノーザンダンサー系,
アメリカンペイトリオット,ダンチヒ系,米国型ノーザンダンサー系,
ザファクター,ダンチヒ系,米国型ノーザンダンサー系,
アポロケンタッキー,ダンチヒ系,米国型ノーザンダンサー系,
キズナ,ディープ系,日本型サンデー系,
リアルスティール,ディープ系,日本型サンデー系,
サトノダイヤモンド,ディープ系,日本型サンデー系,
シルバーステート,ディープ系,日本型サンデー系,
ミッキーアイル,ディープ系,日本型サンデー系,
ディープインパクト,ディープ系,日本型サンデー系,
サトノアラジン,ディープ系,日本型サンデー系,
ダノンバラード,ディープ系,日本型サンデー系,
ディーマジェスティ,ディープ系,日本型サンデー系,
グレーターロンドン,ディープ系,日本型サンデー系,
ロジャーバローズ,ディープ系,日本型サンデー系,
トーセンラー,ディープ系,日本型サンデー系,
Saxon Warrior,ディープ系,日本型サンデー系,
エイシンヒカリ,ディープ系,日本型サンデー系,
コントレイル,ディープ系,日本型サンデー系,
ディープブリランテ,ディープ系,日本型サンデー系,
フィエールマン,ディープ系,日本型サンデー系,
ワールドエース,ディープ系,日本型サンデー系,
リアルインパクト,ディープ系,日本型サンデー系,
アルアイン,ディープ系,日本型サンデー系,
サトノインプレッサ,ディープ系,日本型サンデー系,
サトノジェネシス,ディープ系,日本型サンデー系,
ダノンキングリー,ディープ系,日本型サンデー系,
ダノンプレミアム,ディープ系,日本型サンデー系,
ワールドプレミア,ディープ系,日本型サンデー系,
ヴァンセンヌ,ディープ系,日本型サンデー系,
ミッキグローリー,ディープ系,日本型サンデー系,
ファスリエフ,ヌレイエフ系,米国型ノーザンダンサー系,
キャプテンキング,ヌレイエフ系,米国型ノーザンダンサー系,
サトノクラウン,ノーザンダンサー系,欧州型ノーザンダンサー系,
タートルボウル,ノーザンダンサー系,欧州型ノーザンダンサー系,
ファルブラヴ,ノーザンダンサー系,欧州型ノーザンダンサー系,
マクマホン,ノーザンダンサー系,欧州型ノーザンダンサー系,
ファインニードル,フォーティーナイナー系,欧州型ミスプロ系,
アドマイヤムーン,フォーティーナイナー系,欧州型ミスプロ系,
サウスヴィグラス,フォーティーナイナー系,米国型ミスプロ系,
スウェプトオーヴァーボード,フォーティーナイナー系,米国型ミスプロ系,
アイルハヴアナザー,フォーティーナイナー系,米国型ミスプロ系,
プリサイスエンド,フォーティーナイナー系,米国型ミスプロ系,
レッドファルクス,フォーティーナイナー系,米国型ミスプロ系,
Distorted Humor,フォーティーナイナー系,米国型ミスプロ系,
セイウンコウセイ,フォーティーナイナー系,欧州型ミスプロ系,
グランプリボス,プリンスキーギフト系,米国型ナスルーラ系,
ビッグアーサー,プリンスリーギフト系,欧州型ナスルーラ系,
サクラバクシンオー,プリンスリーギフト系,欧州型ナスルーラ系,
ダイシンバルカン,プリンスリーギフト系,欧州型ナスルーラ系,
Star Dabbler,ヘイロー系,米国型（その他）,
ロージズインメイ,ヘイロー系,米国型（その他）,
タイキシャトル,ヘイロー系,米国型（その他）,
More Than Ready,ヘイロー系,米国型（その他）,
ボストンハーバー,ボールドルーラー系,米国型ナスルーラ系,
ダノンレジェンド,マイナー系,米国型（その他）,
Tiznow,マッチェム系,米国型（その他）,
タワーオブロンドン,ミスプロ系,欧州型ミスプロ系,
マクフィ,ミスプロ系,欧州型ミスプロ系,
マイネルラヴ,ミスプロ系,欧州型ミスプロ系,
Dubawi,ミスプロ系,欧州型ミスプロ系,
ストーミングホーム,ミスプロ系,欧州型ミスプロ系,
Candy Ride,ミスプロ系,米国型ミスプロ系,
ニューイヤーズデイ,ミスプロ系,米国型ミスプロ系,
American Pharoah,ミスプロ系,米国型ミスプロ系,
Gun Runner,ミスプロ系,米国型ミスプロ系,
フォーウィールドライブ,ミスプロ系,米国型ミスプロ系,
Harlington,ミスプロ系,米国型ミスプロ系,
Mr. Greeley,ミスプロ系,米国型ミスプロ系,
ダンカーク,ミスプロ系,米国型ミスプロ系,
Smart Strike,ミスプロ系,米国型ミスプロ系,
Street Cry,ミスプロ系,米国型ミスプロ系,
エンパイアメーカー,ミスプロ系,米国型ミスプロ系,
アグネスデジタル,ミスプロ系,米国型ミスプロ系,
Twirling Candy,ミスプロ系,米国型ミスプロ系,
Unbridled's Song,ミスプロ系,米国型ミスプロ系,
Zensational,ミスプロ系,米国型ミスプロ系,
アフリート,ミスプロ系,米国型ミスプロ系,
Curlin,ミスプロ系,米国型ミスプロ系,
ストリートセンス,ミスプロ系,米国型ミスプロ系,
ウォーエンブレム,ミスプロ系,米国型ミスプロ系,
パレスマリス,ミスプロ系,米国型ミスプロ系,
ケイムホーム,ミスプロ系,米国型ミスプロ系,
ヴァンゴッホ,ミスプロ系,欧州型ミスプロ系,
テーオーヘリオス,ミスプロ系,米国型ミスプロ系,
フィレンツェファイア,ミスプロ系,米国型ミスプロ系,
ベンバトル,ミスプロ系,欧州型ミスプロ系,
マテラスカイ,ミスプロ系,米国型ミスプロ系,
シスキン,ミスプロ系,欧州型ミスプロ系,
コパノチャーリー,ミスプロ系,米国型ミスプロ系,
キングヘイロー,リファール系,欧州型ノーザンダンサー系,
バゴ,レッドゴッド系,欧州型ナスルーラ系,
アニマルキングダム,レッドゴッド系,米国型ナスルーラ系,
エピファネイア,ロベルト系,欧州型（その他）,
モーリス,ロベルト系,欧州型（その他）,
ルヴァンスレーヴ,ロベルト系,欧州型（その他）,
スクリーンヒーロー,ロベルト系,欧州型（その他）,
Dynaformer,ロベルト系,欧州型（その他）,
ゴールドアクター,ロベルト系,欧州型（その他）,
シンボリクリスエス,ロベルト系,欧州型（その他）,
ブライアンズタイム,ロベルト系,欧州型（その他）,
タニノギムレット,ロベルト系,欧州型（その他）,
ナダル,ロベルト系,欧州型（その他）,
グラスワンダー,ロベルト系,欧州型（その他）,
サンライズソア,ロベルト系,欧州型（その他）,
ストロングリターン,ロベルト系,欧州型ミスプロ系,
ワイルドラッシュ,二アークティック系,米国型（その他）,
メイショウボーラー,ヘイロー系,米国型（その他）,↓ここから新規追加
メイショウサムソン,サドラーズウェルズ系,欧州型ノーザンダンサー系,
ホワイトマズル,リファール系,欧州型ノーザンダンサー系,
Kingmambo,キングマンボ系,欧州型ミスプロ系,
トゥザグローリー,キングマンボ系,欧州型ミスプロ系,
スマートファルコン,Dサンデー系,日本型サンデー系,
フリオーソ,ロベルト系,欧州型（その他）,
ダノンシャンティ,Pサンデー系,日本型サンデー系,
リーチザクラウン,Lサンデー系,日本型サンデー系,
フェノーメノ,Lサンデー系,日本型サンデー系,
モンテロッソ,ミスプロ系,欧州型ミスプロ系,
スピルバーグ,ディープ系,日本型サンデー系,
ベルシャザール,キングマンボ系,欧州型ミスプロ系,
キングズベスト,キングマンボ系,欧州型ミスプロ系,
ティンバーカントリー,ミスプロ系,米国型ミスプロ系,
エスケンデレヤ,ストームバード系,米国型ノーザンダンサー系,
バトルプラン,ミスプロ系,米国型ミスプロ系,
デュランダル,Pサンデー系,日本型サンデー系,
トランセンド,二アークティック系,米国型（その他）,
ローエングリン,サドラーズウェルズ系,欧州型ノーザンダンサー系,
フォーティナイナー,フォーティーナイナー系,米国型ミスプロ系,
オペラハウス,サドラーズウェルズ系,欧州型ノーザンダンサー系,
Fusaichi Pegasus,ミスプロ系,米国型ミスプロ系,
ビーチパトロール,キングマンボ系,米国型ミスプロ系,
カジノドライヴ,エーピーインディ系,米国型ナスルーラ系,
マーベラスサンデー,Lサンデー系,日本型サンデー系,
トーセンジョーダン,グレイソヴリン系,米国型ナスルーラ系,
ロックオブジブラルタル,ダンチヒ系,欧州型ノーザンダンサー系,
バブルガムフェロー,Dサンデー系,日本型サンデー系,
アドマイヤマックス,Pサンデー系,日本型サンデー系,
エルコンドルパサー,キングマンボ系,欧州型ミスプロ系,
フサイチコンコルド,ニジンスキー系,欧州型ノーザンダンサー系,
トーセンホマレボシ,ディープ系,日本型サンデー系,
クリエイター2,エーピーインディ系,米国型ナスルーラ系,
トワイニング,フォーティーナイナー系,米国型ミスプロ系,
エンドスウィープ,フォーティーナイナー系,米国型ミスプロ系,
トニービン,グレイソヴリン系,米国型ナスルーラ系,
キャプテンスティーヴ,ダマスカス系,米国型（その他）,
コロナドズクエスト,フォーティーナイナー系,米国型ミスプロ系,
マヤノトップガン,ロベルト系,欧州型（その他）,
デヒア,ヴァイスリージェント系,米国型ノーザンダンサー系,
アドマイヤコジーン,グレイソヴリン系,欧州型ナスルーラ系,
ケープブランコ,サドラーズウェルズ系,欧州型ノーザンダンサー系,
Pivotal,ヌレイエフ系,欧州型ノーザンダンサー系,
スズカマンボ,Dサンデー系,日本型サンデー系,
Seeking the Gold,ミスプロ系,米国型ミスプロ系,
コマンダーインチーフ,リファール系,欧州型ノーザンダンサー系,
サムライハート,Lサンデー系,日本型サンデー系,
Gone West,ミスプロ系,米国型ミスプロ系,
アポロキングダム,キングマンボ系,米国型ミスプロ系,
Dansili,ダンチヒ系,欧州型ノーザンダンサー系,
Elusive Quality,ミスプロ系,米国型ミスプロ系,
Invincible Spirit,ダンチヒ系,欧州型ノーザンダンサー系,
Ghostzapper,ヴァイスリージェント系,米国型ノーザンダンサー系,
ファンタスティックライト,レッドゴッド系,欧州型ナスルーラ系,
エリシオ,ノーザンダンサー系,欧州型ノーザンダンサー系,
ストラヴィンスキー,ヌレイエフ系,欧州型ノーザンダンサー系,
パラダイスクリーク,ネヴァーベンド系,欧州型ナスルーラ系,
トウカイテイオー,マイバブー系,欧州型（その他）,
ゴールドヘイロー,Dサンデー系,日本型サンデー系,
A.P. Indy,エーピーインディ系,米国型ナスルーラ系,
コマンズ,ダンチヒ系,欧州型ノーザンダンサー系,
Sadler's Wells,サドラーズウェルズ系,欧州型ノーザンダンサー系,
ローズキングダム,キングマンボ系,欧州型ミスプロ系,
ヘクタープロテクター,ミスプロ系,欧州型ミスプロ系,
カネヒキリ,Dサンデー系,日本型サンデー系,
ショウナンカンプ,プリンスリーギフト系,欧州型ナスルーラ系,
スターリングローズ,ミスプロ系,米国型ミスプロ系,
Speightstown,ミスプロ系,米国型ミスプロ系,
コンデュイット,ネヴァーベンド系,欧州型ナスルーラ系,
リンカーン,Lサンデー系,日本型サンデー系,
スニッツェル,ダンチヒ系,欧州型ノーザンダンサー系,
スタチューオブリバティ,ストームバード系,米国型ノーザンダンサー系,
アンライバルド,Lサンデー系,日本型サンデー系,
ナカヤマフェスタ,Lサンデー系,日本型サンデー系,
Rock of Gibraltar,ダンチヒ系,欧州型ノーザンダンサー系,
ミッキーロケット,キングマンボ系,欧州型ミスプロ系,
タイムパラドックス,ロベルト系,欧州型（その他）,
パドトロワ,フォーティーナイナー系,米国型ミスプロ系,
トビーズコーナー,ダンチヒ系,米国型ノーザンダンサー系,
カリズマティック,ストームバード系,米国型ノーザンダンサー系,
アルデバラン2,ミスプロ系,米国型ミスプロ系,
Empire Maker,ミスプロ系,米国型ミスプロ系,
オレハマッテルゼ,Pサンデー系,日本型サンデー系,
Street Sense,ミスプロ系,米国型ミスプロ系,
ベストウォーリア,エーピーインディ系,米国型ナスルーラ系,
Sea The Stars,ダンチヒ系,欧州型ノーザンダンサー系,
メジロマックイーン,マイバブー系,欧州型（その他）,
New Approach,サドラーズウェルズ系,欧州型ノーザンダンサー系,
City Zip,ミスプロ系,米国型ミスプロ系,
Vindication,ボールドルーラー系,米国型ナスルーラ系,
ノボジャック,ヴァイスリージェント系,米国型ノーザンダンサー系,
Malibu Moon,エーピーインディ系,米国型ナスルーラ系,
Montjeu,サドラーズウェルズ系,欧州型ノーザンダンサー系,
Pulpit,エーピーインディ系,米国型ナスルーラ系,
Redoute's Choice,ダンチヒ系,欧州型ノーザンダンサー系,
アジュディケーティング,ダンチヒ系,米国型ノーザンダンサー系,
ハードスパン,ダンチヒ系,米国型ノーザンダンサー系,
ジェイドロバリー,ミスプロ系,欧州型ミスプロ系,
チーフベアハート,ダンチヒ系,米国型ノーザンダンサー系,
Rahy,レッドゴッド系,米国型ナスルーラ系,
ダンシングブレーヴ,リファール系,欧州型ノーザンダンサー系,
メイショウオウドウ,Lサンデー系,日本型サンデー系,
ブラックホーク,ヌレイエフ系,欧州型ノーザンダンサー系,
Le Havre,レッドゴッド系,欧州型ナスルーラ系,
アドマイヤジャパン,Lサンデー系,日本型サンデー系,
Uncle Mo,グレイソヴリン系,米国型ナスルーラ系,
Teofilo,サドラーズウェルズ系,欧州型ノーザンダンサー系,
サクラプレジデント,Lサンデー系,日本型サンデー系,
Sinndar,ダンチヒ系,欧州型ノーザンダンサー系,
Harlan's Holiday,ストームバード系,米国型ノーザンダンサー系,
Danehill,ダンチヒ系,欧州型ノーザンダンサー系,
Tale of the Cat,ストームバード系,米国型ノーザンダンサー系,
メジロベイリー,Lサンデー系,日本型サンデー系,
Awesome Again,ヴァイスリージェント系,米国型ノーザンダンサー系,
Cozzene,グレイソヴリン系,欧州型ナスルーラ系,
メジロライアン,ノーザンテースト系,欧州型ノーザンダンサー系,
アサティス,ノーザンダンサー系,欧州型ノーザンダンサー系,
アッミラーレ,Dサンデー系,日本型サンデー系,
Exceed And Excel,ダンチヒ系,欧州型ノーザンダンサー系,
ラムタラ,ニジンスキー系,欧州型ノーザンダンサー系,
Medicean,ミスプロ系,欧州型ミスプロ系,
Raven's Pass,ミスプロ系,欧州型ミスプロ系,
サクラローレル,レッドゴッド系,欧州型ナスルーラ系,
ダノンシャーク,ディープ系,日本型サンデー系,
トーホウジャッカル,Lサンデー系,日本型サンデー系,
Oasis Dream,ダンチヒ系,欧州型ノーザンダンサー系,
Lemon Drop Kid,キングマンボ系,米国型ミスプロ系,
ロジユニヴァース,Lサンデー系,日本型サンデー系,
Bluegrass Cat,ストームバード系,米国型ノーザンダンサー系,
アルカセット,キングマンボ系,欧州型ミスプロ系,
Exchange Rate,ダンチヒ系,米国型ノーザンダンサー系,
レッドスパーダ,ヘイロー系,米国型（その他）,
スピニングワールド,ヌレイエフ系,欧州型ノーザンダンサー系,
ジェニュイン,Lサンデー系,日本型サンデー系,
Dark Angel,ノーザンダンサー系,欧州型ノーザンダンサー系,
オンファイア,Dサンデー系,日本型サンデー系,
Siyouni,ヌレイエフ系,欧州型ノーザンダンサー系,
スズカフェニックス,Pサンデー系,日本型サンデー系,
Indian Charlie,グレイソヴリン系,米国型ナスルーラ系,
Broken Vow,ミスプロ系,米国型ミスプロ系,
Red Ransom,ロベルト系,欧州型（その他）,
ホークビル,サドラーズウェルズ系,欧州型ノーザンダンサー系,
ノーブルミッション,サドラーズウェルズ系,欧州型ノーザンダンサー系,
Pure Prize,ストームバード系,米国型ノーザンダンサー系,
スパイキュール,Dサンデー系,日本型サンデー系,
Orpen,ダンチヒ系,欧州型ノーザンダンサー系,
Fastnet Rock,ダンチヒ系,欧州型ノーザンダンサー系,
アスカクリチャン,ミスプロ系,米国型ミスプロ系,
タバスコキャット,ストームバード系,米国型ノーザンダンサー系,
ハクサンムーン,フォーティーナイナー系,欧州型ミスプロ系,
ジェネラス,ニジンスキー系,欧州型ノーザンダンサー系,
Quality Road,ミスプロ系,米国型ミスプロ系,
テイエムオペラオー,サドラーズウェルズ系,欧州型ノーザンダンサー系,
ガルボ,Lサンデー系,日本型サンデー系,
Not For Sale,グレイソヴリン系,米国型ナスルーラ系,
Manduro,スターリング系,欧州型（その他）,
Deputy Minister,ヴァイスリージェント系,米国型ノーザンダンサー系,
Mizzen Mast,グレイソヴリン系,米国型ナスルーラ系,
ゼンノエルシド,ニジンスキー系,欧州型ノーザンダンサー系,
ロードアルティマ,ミスプロ系,米国型ミスプロ系,
リンドシェーバー,レイズアネイティヴ系,米国型（その他）,
Woodman,ミスプロ系,米国型ミスプロ系,
フォーティナイナーズサン,フォーティーナイナー系,米国型ミスプロ系,
サマーバード,ミスプロ系,米国型ミスプロ系,
タヤスツヨシ,Dサンデー系,日本型サンデー系,
Dubai Destination,キングマンボ系,欧州型ミスプロ系,
Henrythenavigator,キングマンボ系,欧州型ミスプロ系,
Rainbow Quest,レッドゴッド系,欧州型ナスルーラ系,
Holy Roman Emperor,ダンチヒ系,欧州型ノーザンダンサー系,
シビルウォー,ミスプロ系,米国型ミスプロ系,
Accelerate,ミスプロ系,米国型ミスプロ系,
Acclamation,ノーザンダンサー系,欧州型ノーザンダンサー系,
Adlerflug,サドラーズウェルズ系,欧州型ノーザンダンサー系,
Air Force Blue,ダンチヒ系,米国型ノーザンダンサー系,
Al Wukair,マイナー系,欧州型（その他）,
Almanzor,ミスプロ系,欧州型ミスプロ系,
Always Dreaming,ミスプロ系,米国型ミスプロ系,
American Freedom,エーピーインディ系,米国型ナスルーラ系,
Animal Kingdom,レッドゴッド系,欧州型ナスルーラ系,
Archarcharch,ロベルト系,米国型（その他）,
Army Mule,エーピーインディ系,米国型ナスルーラ系,
Arrogate,ミスプロ系,米国型ミスプロ系,
Australia,サドラーズウェルズ系,欧州型ノーザンダンサー系,
Authentic,ストームバード系,米国型ノーザンダンサー系,
Authorized,サドラーズウェルズ系,欧州型ノーザンダンサー系,
Bated Breath,ダンチヒ系,欧州型ノーザンダンサー系,
Bayern,ニアークティック系,米国型（その他）,
Belardo,ストームバード系,欧州型ノーザンダンサー系,
Blame,ロベルト系,米国型（その他）,
Blue Point,ストームバード系,欧州型ノーザンダンサー系,
Bobby's Kitten,サドラーズウェルズ系,米国型ノーザンダンサー系,
Bodemeister,ミスプロ系,米国型ミスプロ系,
Bolt d'Oro,サドラーズウェルズ系,米国型ノーザンダンサー系,
Brazen Beau,ダンチヒ系,欧州型ノーザンダンサー系,
Bullet Train,サドラーズウェルズ系,欧州型ノーザンダンサー系,
Cairo Prince,ミスプロ系,米国型ミスプロ系,
Cajun Breeze,エーピーインディ系,米国型ナスルーラ系,
California Chrome,エーピーインディ系,米国型ナスルーラ系,
Camelot,サドラーズウェルズ系,欧州型ノーザンダンサー系,
Canford Cliffs,ターントウ系,欧州型（その他）,
Cape Blanco,サドラーズウェルズ系,欧州型ノーザンダンサー系,
Capitalist,ノーザンダンサー系,欧州型ノーザンダンサー系,
Caravaggio,ストームバード系,米国型ノーザンダンサー系,
Carpe Diem,ストームバード系,米国型ノーザンダンサー系,
Catalina Cruiser,ノーザンダンサー系,米国型ノーザンダンサー系,
Catholic Boy,ヘイロー系,米国型（その他）,
Central Banker,ミスプロ系,米国型ミスプロ系,
Champs Elysees,ダンチヒ系,欧州型ノーザンダンサー系,
Churchill,サドラーズウェルズ系,欧州型ノーザンダンサー系,
City of Light,ミスプロ系,米国型ミスプロ系,
Classic Empire,ミスプロ系,米国型ミスプロ系,
Cloud Computing,ミスプロ系,米国型ミスプロ系,
Collected,ミスプロ系,米国型ミスプロ系,
Competitive Edge,レイズアネイティヴ系,米国型（その他）,
Complexity,ミスプロ系,米国型ミスプロ系,
Connect,ミスプロ系,米国型ミスプロ系,
Constitution,エーピーインディ系,米国型ナスルーラ系,
Cracksman,サドラーズウェルズ系,欧州型ノーザンダンサー系,
Creative Cause,ストームバード系,米国型ノーザンダンサー系,
Daaher,ヴァイスリージェント系,米国型ノーザンダンサー系,
Daiwa Major,サンデー系,日本型サンデー系,
Dandy Man,ダンチヒ系,欧州型ノーザンダンサー系,
Danon Ballade,ディープ系,日本型サンデー系,
Dawn Approach,サドラーズウェルズ系,欧州型ノーザンダンサー系,
Declaration of War,ダンチヒ系,米国型ノーザンダンサー系,
Deep Field,ノーザンダンサー系,欧州型ノーザンダンサー系,
Deep Impact,ディープ系,日本型サンデー系,
Dialed In,エーピーインディ系,米国型ナスルーラ系,
Disco Partner,ノーザンダンサー系,米国型ノーザンダンサー系,
Discreet Cat,ストームバード系,米国型ノーザンダンサー系,
Dundeel,サドラーズウェルズ系,欧州型ノーザンダンサー系,
Dunkirk,ミスプロ系,米国型ミスプロ系,
Dutch Art,ミスプロ系,欧州型ミスプロ系,
Earthlight,ストームバード系,欧州型ノーザンダンサー系,
Elusive City,ミスプロ系,欧州型ミスプロ系,
Emcee,ミスプロ系,米国型ミスプロ系,
Encosta De Lago,ノーザンダンサー系,欧州型ノーザンダンサー系,
English Channel,ミスプロ系,米国型ミスプロ系,
Exaggerator,ミスプロ系,米国型ミスプロ系,
Exceedance,ダンチヒ系,欧州型ノーザンダンサー系,
Farhh,ヌレイエフ系,欧州型ノーザンダンサー系,
Farnan,ダンチヒ系,欧州型ノーザンダンサー系,
Fast Company,ダンチヒ系,欧州型ノーザンダンサー系,
Fed Biz,ストームバード系,米国型ノーザンダンサー系,
First Samurai,ストームバード系,米国型ノーザンダンサー系,
Flatter,エーピーインディ系,米国型ナスルーラ系,
Fort Larned,ミスプロ系,米国型ミスプロ系,
Free Drop Billy,ノーザンダンサー系,米国型ノーザンダンサー系,
Free Eagle,サドラーズウェルズ系,欧州型ノーザンダンサー系,
Frosted,エーピーインディ系,米国型（その他）,
Game Winner,ミスプロ系,米国型ミスプロ系,
Garswood,ミスプロ系,欧州型ミスプロ系,
Gleneagles,サドラーズウェルズ系,欧州型ノーザンダンサー系,
Global Campaign,ミスプロ系,米国型ミスプロ系,
Golden Horn,ダンチヒ系,欧州型ノーザンダンサー系,
Goldencents,ストームバード系,米国型ノーザンダンサー系,
Good Magic,ミスプロ系,米国型ミスプロ系,
Good Samaritan,ストームバード系,米国型ノーザンダンサー系,
Graydar,ミスプロ系,米国型ミスプロ系,
Guiliani,ミスプロ系,欧州型ミスプロ系,
Gutaifan,ノーザンダンサー系,欧州型ノーザンダンサー系,
Hansen,エーピーインディ系,米国型（その他）,
Harry Angel,ノーザンダンサー系,欧州型ノーザンダンサー系,
Hat Trick,サンデー系,日本型サンデー系,
Havana Gold,サドラーズウェルズ系,欧州型ノーザンダンサー系,
Havana Grey,サドラーズウェルズ系,欧州型ノーザンダンサー系,
Haynesfield,ミスプロ系,米国型ミスプロ系,
He's Had Enough,エーピーインディ系,米国型（その他）,
Heart's Cry,サンデー系,日本型サンデー系,
Henny Hughes,ストームバード系,米国型ノーザンダンサー系,
Highland Reel,サドラーズウェルズ系,欧州型ノーザンダンサー系,
Honor A. P.,エーピーインディ系,米国型（その他）,
Honor Code,エーピーインディ系,米国型ナスルーラ系,
Hunter's Light,ミスプロ系,欧州型ミスプロ系,
I Am Invincible,ダンチヒ系,欧州型ノーザンダンサー系,
Iffraaj,ミスプロ系,欧州型ミスプロ系,
Improbable,ミスプロ系,米国型ミスプロ系,
Intello,サドラーズウェルズ系,欧州型ノーザンダンサー系,
Invincible Army,ダンチヒ系,欧州型ノーザンダンサー系,
Itsmyluckyday,ダンチヒ系,米国型ノーザンダンサー系,
Jimmy Choux,ヌレイエフ系,欧州型ノーザンダンサー系,
Jimmy Creed,ミスプロ系,米国型ミスプロ系,
Justin Phillip,ストームバード系,米国型ノーザンダンサー系,
Kameko,サドラーズウェルズ系,欧州型ノーザンダンサー系,
Kantharos,ストームバード系,米国型ノーザンダンサー系,
Karakontie,ストームバード系,米国型ノーザンダンサー系,
Khozan,ミスプロ系,米国型ミスプロ系,
Kizuna,ディープ系,日本型サンデー系,
Klimt,ミスプロ系,米国型ミスプロ系,
Lawman,ダンチヒ系,欧州型ノーザンダンサー系,
Lea,ストームバード系,米国型ノーザンダンサー系,
Leroidesanimaux,レッドゴッド系,欧州型ナスルーラ系,
Liam's Map,ミスプロ系,米国型ミスプロ系,
Lonhro,ターントウ系,欧州型（その他）,
Lope de Vega,ストームバード系,欧州型ノーザンダンサー系,
Lord Kanaloa,キングマンボ系,米国型ミスプロ系,
Lord Nelson,エーピーインディ系,米国型（その他）,
Macho Uno,マイナー系,米国型（その他）,
Maclean's Music,フォーティナイナー系,米国型ミスプロ系,
Magician,サドラーズウェルズ系,欧州型ノーザンダンサー系,
Magna Grecia,ダンチヒ系,欧州型ノーザンダンサー系,
Majestic Warrior,エーピーインディ系,米国型ナスルーラ系,
Majesticperfection,ストームバード系,米国型ノーザンダンサー系,
Make Believe,ミスプロ系,欧州型ミスプロ系,
Masar,サドラーズウェルズ系,欧州型ノーザンダンサー系,
Mastercraftsman,ダンチヒ系,欧州型ノーザンダンサー系,
Mastery,ミスプロ系,米国型ミスプロ系,
Maximum Security,ミスプロ系,米国型ミスプロ系,
Mayson,ダンチヒ系,欧州型ノーザンダンサー系,
McKinzie,ミスプロ系,米国型ミスプロ系,
Mendelssohn,ストームバード系,米国型ノーザンダンサー系,
Midnight Lute,ミスプロ系,米国型ミスプロ系,
Mikki Isle,ディープ系,日本型サンデー系,
Mitole,ストームバード系,米国型ノーザンダンサー系,
Mohaymen,エーピーインディ系,米国型（その他）,
Mor Spirit,ストームバード系,米国型ノーザンダンサー系,
Mshawish,サドラーズウェルズ系,米国型ノーザンダンサー系,
Mucho Macho Man,マイナー系,米国型（その他）,
Muhaarar,ダンチヒ系,欧州型ノーザンダンサー系,
Mukhadram,ストームバード系,欧州型ノーザンダンサー系,
Munnings,ミスプロ系,米国型ミスプロ系,
Myboycharlie,ダンチヒ系,欧州型ノーザンダンサー系,
Nathaniel,サドラーズウェルズ系,欧州型ノーザンダンサー系,
Neorealism,サンデー系,日本型サンデー系,
New Bay,ミスプロ系,欧州型ミスプロ系,
Night of Thunder,ミスプロ系,欧州型ミスプロ系,
No Nay Never,ストームバード系,米国型ノーザンダンサー系,
Noble Mission,サドラーズウェルズ系,欧州型ノーザンダンサー系,
Not This Time,ストームバード系,米国型ノーザンダンサー系,
Nyquist,グレイソヴリン系,欧州型ナスルーラ系,
Ocean Park,ヌレイエフ系,欧州型ノーザンダンサー系,
Olympic Glory,ダンチヒ系,欧州型ノーザンダンサー系,
Omaha Beach,ダンチヒ系,米国型ノーザンダンサー系,
Optimizer,ミスプロ系,米国型ミスプロ系,
Orb,エーピーインディ系,米国型（その他）,
Oscar Performance,サドラーズウェルズ系,米国型ノーザンダンサー系,
Outstrip,ダンチヒ系,欧州型ノーザンダンサー系,
Overanalyze,ノーザンダンサー系,米国型ノーザンダンサー系,
Overdriven,ストームバード系,米国型ノーザンダンサー系,
Paddy O'Prado,サドラーズウェルズ系,米国型ノーザンダンサー系,
Palace,ミスプロ系,米国型ミスプロ系,
Palace Malice,ミスプロ系,米国型ミスプロ系,
Palace Pier,ダンチヒ系,欧州型ノーザンダンサー系,
Panis,ミスプロ系,欧州型ミスプロ系,
Pinatubo,ストームバード系,欧州型ノーザンダンサー系,
Pioneerof the Nile,ミスプロ系,米国型ミスプロ系,
Poet's Voice,ミスプロ系,欧州型ミスプロ系,
Point of Entry,エーピーインディ系,米国型（その他）,
Postponed,ミスプロ系,欧州型ミスプロ系,
Practical Joke,ストームバード系,米国型ノーザンダンサー系,
Preferment,ターントウ系,欧州型（その他）,
Preservationist,ロベルト系,米国型（その他）,
Pride Of Dubai,ミスプロ系,欧州型ミスプロ系,
Protectionist,スターリング系,欧州型（その他）,
Race Day,エーピーインディ系,米国型ナスルーラ系,
Regal Ransom,フォーティナイナー系,米国型ミスプロ系,
Reliable Man,ネヴァーベンド系,欧州型ナスルーラ系,
Renat,ダンチヒ系,欧州型ノーザンダンサー系,
Rey de Oro,キングマンボ系,米国型ミスプロ系,
Ribchester,ミスプロ系,欧州型ミスプロ系,
Rio de La Plata,レッドゴッド系,欧州型ナスルーラ系,
Roaring Lion,ミスプロ系,欧州型ミスプロ系,
Roman Ruler,ミスプロ系,米国型ミスプロ系,
Rulership,キングマンボ系,米国型ミスプロ系,
Run Away and Hide,ミスプロ系,米国型ミスプロ系,
Runhappy,レイズアネイティヴ系,米国型（その他）,
Savabeel,ターントウ系,欧州型（その他）,
Sea The Moon,ダンチヒ系,欧州型ノーザンダンサー系,
Sebring,ヘイロー系,米国型（その他）,
Shackleford,ストームバード系,米国型ノーザンダンサー系,
Shakin It Up,ミスプロ系,米国型ミスプロ系,
Shalaa,ダンチヒ系,欧州型ノーザンダンサー系,
Shancelot,ストームバード系,米国型ノーザンダンサー系,
Shanghai Bobby,ストームバード系,米国型ノーザンダンサー系,
Sharp Azteca,ストームバード系,米国型ノーザンダンサー系,
Showcasing,ダンチヒ系,欧州型ノーザンダンサー系,
Sir Percy,ネヴァーベンド系,欧州型ナスルーラ系,
Slade Power,ミスプロ系,欧州型ミスプロ系,
Smart Missile,ダンチヒ系,欧州型ノーザンダンサー系,
Smooth Daddy,ストームバード系,米国型ノーザンダンサー系,
Snitzel,ダンチヒ系,欧州型ノーザンダンサー系,
So You Think,サドラーズウェルズ系,欧州型ノーザンダンサー系,
Soldier's Call,ダンチヒ系,欧州型ノーザンダンサー系,
Sottsass,ヌレイエフ系,欧州型ノーザンダンサー系,
Spring At Last,ヴァイスリージェント系,米国型ノーザンダンサー系,
Square Eddie,ミスプロ系,米国型ミスプロ系,
St Mark's Basilica,ヌレイエフ系,欧州型ノーザンダンサー系,
St Patrick's Day,ミスプロ系,米国型ミスプロ系,
Starspangledbanner,ダンチヒ系,欧州型ノーザンダンサー系,
Stay Thirsty,エーピーインディ系,米国型ナスルーラ系,
Stormy Atlantic,ストームバード系,米国型ノーザンダンサー系,
Street Boss,ミスプロ系,米国型ミスプロ系,
Study of Man,ディープ系,日本型サンデー系,
Summer Front,ダンチヒ系,米国型ノーザンダンサー系,
Super Saver,レイズアネイティヴ系,米国型（その他）,
Take Charge Indy,エーピーインディ系,米国型ナスルーラ系,
Tamayuz,ミスプロ系,欧州型ミスプロ系,
Tanino Gimlet,ロベルト系,米国型（その他）,
Tapiture,エーピーインディ系,米国型ナスルーラ系,
Tapizar,エーピーインディ系,米国型ナスルーラ系,
Tapwrit,エーピーインディ系,米国型ナスルーラ系,
Tavistock,サドラーズウェルズ系,欧州型ノーザンダンサー系,
Temple City,ロベルト系,米国型（その他）,
Territories,ダンチヒ系,欧州型ノーザンダンサー系,
The Autumn Sun,ダンチヒ系,欧州型ノーザンダンサー系,
The Factor,ダンチヒ系,米国型ノーザンダンサー系,
The Grey Gatsby,ダンチヒ系,欧州型ノーザンダンサー系,
The Gurkha,サドラーズウェルズ系,欧州型ノーザンダンサー系,
Thousand Words,ミスプロ系,米国型ミスプロ系,
Tiz the Law,エーピーインディ系,米国型ナスルーラ系,
Tiz Wonderful,マッチェム系,米国型（その他）,
To Honor and Serve,エーピーインディ系,米国型ナスルーラ系,
Tom's d'Etat,ミスプロ系,米国型ミスプロ系,
Tonalist,エーピーインディ系,米国型ナスルーラ系,
Too Darn Hot,ミスプロ系,欧州型ミスプロ系,
Toronado,サドラーズウェルズ系,欧州型ノーザンダンサー系,
Trapeze Artist,ダンチヒ系,欧州型ノーザンダンサー系,
Trappe Shot,エーピーインディ系,米国型ナスルーラ系,
Twilight Son,ヌレイエフ系,欧州型ノーザンダンサー系,
U S Navy Flag,ダンチヒ系,米国型ノーザンダンサー系,
Ultimate Eagle,グレイソヴリン系,米国型（その他）,
Ulysses,サドラーズウェルズ系,欧州型ノーザンダンサー系,
Uncaptured,ストームバード系,米国型ノーザンダンサー系,
Unified,ミスプロ系,米国型ミスプロ系,
Union Rags,ノーザンダンサー系,米国型ノーザンダンサー系,
Upstart,エーピーインディ系,米国型ナスルーラ系,
Vekoma,ミスプロ系,米国型ミスプロ系,
Verrazano,ヘイロー系,米国型（その他）,
Vino Rosso,ミスプロ系,米国型ミスプロ系,
Violence,サドラーズウェルズ系,米国型ノーザンダンサー系,
Volatile,サドラーズウェルズ系,米国型ノーザンダンサー系,
War Command,ダンチヒ系,米国型ノーザンダンサー系,
War of Will,ダンチヒ系,米国型ノーザンダンサー系,
West Coast,エーピーインディ系,米国型ナスルーラ系,
Will Take Charge,ミスプロ系,米国型ミスプロ系,
Wootton Bassett,ミスプロ系,欧州型ミスプロ系,
Yoshida,サンデー系,日本型サンデー系,
Zoffany,ダンチヒ系,欧州型ノーザンダンサー系,
Zoustar,サドラーズウェルズ系,欧州型ノーザンダンサー系,
アーネストリー,ロベルト系,米国型（その他）,
アイファーソング,キングマンボ系,米国型ミスプロ系,
アグニシャイン,ダンチヒ系,欧州型ノーザンダンサー系,
アサクサキングス,リファール系,欧州型ノーザンダンサー系,
アドマイヤオーラ,サンデー系,日本型サンデー系,
アドマイヤドン,ミスプロ系,米国型ミスプロ系,
アドミラブル,ディープ系,日本型サンデー系,
アポロソニック,ダンチヒ系,米国型ノーザンダンサー系,
アメリカンボス,キングマンボ系,米国型ミスプロ系,
アルバート,ミスプロ系,米国型ミスプロ系,
アレスバローズ,ディープ系,日本型サンデー系,
アロマカフェ,サンデー系,日本型サンデー系,
ヴァンキッシュラン,ディープ系,日本型サンデー系,
ヴィットリオドーロ,サドラーズウェルズ系,欧州型ノーザンダンサー系,
ウインバリアシオン,サンデー系,日本型サンデー系,
ウエスタンゼウス,エーピーインディ系,米国型（その他）,
ウォータービルド,ディープ系,日本型サンデー系,
ウォーターリーグ,ヴァイスリージェント系,米国型ノーザンダンサー系,
ヴリル,サンデー系,日本型サンデー系,
エイシンアポロン,ストームバード系,欧州型ノーザンダンサー系,
エイシンデピュティ,ヴァイスリージェント系,米国型ノーザンダンサー系,
エイシンプレストン,ニジンスキー系,欧州型ノーザンダンサー系,
エーシンジーライン,ストームバード系,米国型ノーザンダンサー系,
エーシンシャラク,ヘイロー系,米国型（その他）,
エーシントップ,ストームバード系,米国型ノーザンダンサー系,
エーシンフォワード,ストームバード系,米国型ノーザンダンサー系,
エキストラエンド,ディープ系,日本型サンデー系,
エタリオウ,サンデー系,日本型サンデー系,
エピカリス,サンデー系,日本型サンデー系,
エポカドーロ,サンデー系,日本型サンデー系,
エムオーウイナー,ハビタット系,欧州型（その他),
オウケンブルースリ,グレイソヴリン系,欧州型ナスルーラ系,
オーヴァルエース,ストームバード系,米国型ノーザンダンサー系,
オーシャンブルー,サンデー系,日本型サンデー系,
オールステイ,ダンチヒ系,欧州型ノーザンダンサー系,
オネストジョン,ミスプロ系,米国型ミスプロ系,
オリオンザサンクス,ミスプロ系,米国型ミスプロ系,
カキツバタロイヤル,サンデー系,日本型サンデー系,
カゼノグッドボーイ,サンデー系,日本型サンデー系,
カフェオリンポス,ミスプロ系,米国型ミスプロ系,
カフェラピード,サンデー系,日本型サンデー系,
カルストンライトオ,マイナー系,米国型（その他）,
カンパニー,グレイソヴリン系,欧州型（その他）,
キタサンミカヅキ,リファール系,欧州型ノーザンダンサー系,
キタノコマンドール,ディープ系,日本型サンデー系,
キモンノカシワ,ディープ系,日本型サンデー系,
キャプテントゥーレ,サンデー系,日本型サンデー系,
キョウエイギア,サンデー系,日本型サンデー系,
キングリオ,キングマンボ系,米国型ミスプロ系,
ギンザグリングラス,マイハブー系,欧州型（その他),
グァンチャーレ,サンデー系,日本型サンデー系,
クラウンレガーロ,ロベルト系,米国型（その他）,
グランシュヴァリエ,サンデー系,日本型サンデー系,
グランデッツァ,ディープ系,日本型サンデー系,
クリーンエコロジー,キングマンボ系,米国型ミスプロ系,
クリストワイニング,フォーティナイナー系,米国型ミスプロ系,
グレイレジェンド,フォーティナイナー系,米国型ミスプロ系,
クレスコグランド,ロベルト系,米国型（その他）,
グロリアスノア,フォーティナイナー系,米国型ミスプロ系,
ケイアイドウソジン,キングマンボ系,米国型ミスプロ系,
ゴーカイ,ボールドルーラー系,米国型ナスルーラ系,
ゴールスキー,サンデー系,日本型サンデー系,
ゴールデンバローズ,エーピーインディ系,米国型（その他）,
ゴールデンマンデラ,ダンチヒ系,欧州型ノーザンダンサー系,
ゴスホークケン,ストームバード系,米国型ノーザンダンサー系,
ゴドリー,ストームバード系,米国型ノーザンダンサー系,
コパノリチャード,サンデー系,日本型サンデー系,
コメート,サンデー系,日本型サンデー系,
サイモンラムセス,サンデー系,日本型サンデー系,
サイレントディール,サンデー系,日本型サンデー系,
サウンドスカイ,サンデー系,日本型サンデー系,
サウンドボルケーノ,ストームバード系,米国型ノーザンダンサー系,
サクラオールイン,サンデー系,日本型サンデー系,
サクラオリオン,キングマンボ系,米国型ミスプロ系,
サクラゼウス,プリンスリーギフト系,欧州型ナスルーラ系,
サクラメガワンダー,ロベルト系,米国型（その他）,
ザサンデーフサイチ,サンデー系,日本型サンデー系,
サダムパテック,サンデー系,日本型サンデー系,
サトノアレス,ディープ系,日本型サンデー系,
サドンストーム,ミスプロ系,欧州型ミスプロ系,
サニングデール,マッチェム系,欧州型（その他）,
サンカルロ,ロベルト系,米国型（その他）,
サングラス,ストームバード系,米国型ノーザンダンサー系,
サングレーザー,ディープ系,日本型サンデー系,
サンライズペガサス,サンデー系,日本型サンデー系,
ジークエンブレム,ストームバード系,米国型ノーザンダンサー系,
シゲルカガ,エーピーインディ系,米国型（その他）,
ジャイアントレッカー,ストームバード系,米国型ノーザンダンサー系,
ジュンツバサ,サンデー系,日本型サンデー系,
ショウナンバッハ,サンデー系,日本型サンデー系,
シルバーチャーム,マイナー系,米国型（その他）,
シルポート,リファール系,欧州型ノーザンダンサー系,
シングンオペラ,サドラーズウェルズ系,欧州型ノーザンダンサー系,
スウィフトカレント,サンデー系,日本型サンデー系,
スーパーホーネット,ノーザンダンサー系,欧州型ノーザンダンサー系,
スクワートルスクワート,ミスプロ系,米国型ミスプロ系,
ストーミーシー,フォーティナイナー系,米国型ミスプロ系,
スノードラゴン,グレイソヴリン系,欧州型ナスルーラ系,
スパロービート,フォーティナイナー系,米国型ミスプロ系,
スピリッツミノル,サンデー系,日本型サンデー系,
スマートオーディン,サンデー系,日本型サンデー系,
スマートロビン,ディープ系,日本型サンデー系,
スマイルジャック,ロベルト系,米国型（その他）,
セイクリムズン,サンデー系,日本型サンデー系,
セレスハント,フォーティナイナー系,米国型ミスプロ系,
セレン,サンデー系,日本型サンデー系,
ソングオブウインド,キングマンボ系,米国型ミスプロ系,
ダイシンオレンジ,ミスプロ系,米国型ミスプロ系,
ダイシンサンダー,フォーティナイナー系,米国型ミスプロ系,
タイセイレジェンド,キングマンボ系,米国型ミスプロ系,
タガノゲルニカ,ロベルト系,米国型（その他）,
タガノロックオン,ダンチヒ系,欧州型ノーザンダンサー系,
ダノンゴーゴー,ミスプロ系,米国型ミスプロ系,
ダブルスター,エーピーインディ系,米国型（その他）,
ダンスディレクター,ミスプロ系,米国型ミスプロ系,
チェリークラウン,ダンチヒ系,欧州型ノーザンダンサー系,
ディープエクシード,ディープ系,日本型サンデー系,
テイエムジンソク,ヴァイスリージェント系,米国型ノーザンダンサー系,
ディオスコリダー,キングマンボ系,米国型ミスプロ系,
トウケイヘイロー,リファール系,欧州型ノーザンダンサー系,
トーセンファントム,サンデー系,日本型サンデー系,
トーセンブライト,ロベルト系,米国型（その他）,
トーセンモナーク,サンデー系,日本型サンデー系,
トーセンレーヴ,ディープ系,日本型サンデー系,
トーセンロレンス,サンデー系,日本型サンデー系,
ドリームバレンチノ,ヘイロー系,米国型（その他）,
ナムラタイタン,フォーティナイナー系,米国型ミスプロ系,
ニシケンモノノフ,ヘイロー系,米国型（その他）,
ニホンピロアワーズ,リファール系,欧州型ノーザンダンサー系,
ニューイングランド,サンデー系,日本型サンデー系,
ネイティヴハート,グレイソヴリン系,米国型（その他）,
ネヴァブション,サンデー系,日本型サンデー系,
ネオヴァンドーム,サンデー系,日本型サンデー系,
ノーザンリバー,サンデー系,日本型サンデー系,
ノボトゥルー,ターントウ系,米国型（その他）,
パーソナルラッシュ,ニアークティック系,米国型（その他）,
バーディバーディ,ロベルト系,米国型（その他）,
ハイアーゲーム,サンデー系,日本型サンデー系,
ハギノハイブリッド,ロベルト系,米国型（その他）,
ハタノヴァンクール,キングマンボ系,米国型ミスプロ系,
ハッピースプリント,サンデー系,日本型サンデー系,
バロズハート,ミスプロ系,米国型ミスプロ系,
バンデ,ノーザンテースト系,米国型ノーザンダンサー系,
バンドワゴン,リファール系,欧州型ノーザンダンサー系,
バンブーエール,ミスプロ系,米国型ミスプロ系,
ヒラボクディープ,ディープ系,日本型サンデー系,
ヒルノダムール,サンデー系,日本型サンデー系,
ファーガソン,ロベルト系,米国型（その他）,
フィガロ,ヴァイスリージェント系,米国型ノーザンダンサー系,
フサイチセブン,ミスプロ系,米国型ミスプロ系,
フサイチリシャール,ヴァイスリージェント系,米国型ノーザンダンサー系,
ブラックタキシード,サンデー系,日本型サンデー系,
ブリーズフレイバー,フォーティナイナー系,米国型ミスプロ系,
ブレイクランアウト,ミスプロ系,米国型ミスプロ系,
ヘニーハウンド,ストームバード系,米国型ノーザンダンサー系,
ペルーサ,サンデー系,日本型サンデー系,
ヘンリーバローズ,ディープ系,日本型サンデー系,
ポアゾンブラック,ミスプロ系,米国型ミスプロ系,
マコトスパルビエロ,ロベルト系,米国型（その他）,
マジンプロスパー,グレイソヴリン系,欧州型ナスルーラ系,
マスクゾロ,ミスプロ系,米国型ミスプロ系,
マルカシェンク,サンデー系,日本型サンデー系,
マルターズアポジー,ストームバード系,米国型ノーザンダンサー系,
ミキノバンジョー,ロベルト系,米国型（その他）,
ミスキャスト,サンデー系,日本型サンデー系,
ミッキーグローリー,ディープ系,日本型サンデー系,
ミッキースワロー,ディープ系,日本型サンデー系,
ミュゼスルタン,キングマンボ系,米国型ミスプロ系,
ミリオンディスク,ミスプロ系,米国型ミスプロ系,
メジロダイボサツ,ディープ系,日本型サンデー系,
ヤマニンセラフィム,サンデー系,日本型サンデー系,
ヤングマンパワー,ダンチヒ系,欧州型ノーザンダンサー系,
ユアーズトゥルーリ,キングマンボ系,米国型ミスプロ系,
ラブイズブーシェ,サンデー系,日本型サンデー系,
リッカバクシンオ,プリンスリーギフト系,欧州型ナスルーラ系,
リッカロイヤル,ミスプロ系,米国型ミスプロ系,
リッチーリッチー,サドラーズウェルズ系,欧州型ノーザンダンサー系,
リヤンドファミユ,サンデー系,日本型サンデー系,
ルースリンド,キングマンボ系,米国型ミスプロ系,
ルックスザットキル,ストームバード系,米国型ノーザンダンサー系,
レインボーライン,サンデー系,日本型サンデー系,
レオアクティブ,フォーティナイナー系,米国型ミスプロ系,
レガーロ,エーピーインディ系,米国型（その他）,
レッドベルジュール,ディープ系,日本型サンデー系,
ロードバリオス,ロベルト系,米国型（その他）,
ローマンエンパイア,サンデー系,日本型サンデー系,
ローレルゲレイロ,リファール系,欧州型ノーザンダンサー系,
ロンギングダンサー,ロベルト系,米国型（その他）,
ワイルドワンダー,ロベルト系,米国型（その他）,
ワンアンドオンリー,サンデー系,日本型サンデー系,
ワンダーアキュート,ストームバード系,米国型ノーザンダンサー系,